student_id,age,gender,daily_screen_time_min,num_apps_installed,social_min,gaming_min,productivity_min,study_min,other_min,call_min,sms_count,data_usage_mb,peak_usage_hour
1,24,Male,491,43,102,283,12,92,2,7,4,282,8
2,21,Male,393,34,85,49,103,26,130,5,3,607,22
3,30,Female,163,33,63,3,3,27,67,6,0,608,3
4,28,Female,256,33,90,53,3,99,11,0,5,5,4
5,25,Male,414,31,78,185,55,22,74,15,3,418,23
6,30,Female,236,34,54,80,32,50,20,9,2,788,19
7,22,Male,340,40,78,75,6,128,53,8,0,370,21
8,24,Male,370,42,185,15,88,46,36,9,1,230,11
9,27,Male,217,27,57,60,51,8,41,13,0,341,19
10,20,Male,295,46,104,77,7,92,15,4,2,483,18
11,24,Female,30,33,8,0,0,9,13,1,0,287,18
12,28,Male,208,37,51,61,1,50,45,5,0,808,19
13,28,Female,277,42,19,17,129,107,5,7,2,484,18
14,25,Female,188,39,21,83,24,45,15,7,2,361,13
15,22,Male,447,23,176,134,16,64,57,4,1,175,9
16,21,Other,171,40,29,44,37,39,22,0,2,621,20
17,25,Other,260,31,88,83,4,56,29,2,1,615,7
18,25,Male,312,41,191,12,37,72,0,13,1,302,19
19,20,Female,430,35,116,203,41,25,45,4,1,5,8
20,23,Male,171,34,15,17,3,130,6,4,4,603,18
21,22,Male,405,42,148,58,46,97,56,2,0,453,20
22,19,Male,301,46,34,51,34,148,34,2,2,584,7
23,25,Female,212,30,67,30,19,78,18,11,0,989,2
24,29,Female,342,42,51,26,199,20,46,5,1,493,4
25,23,Male,318,39,58,96,57,106,1,8,1,372,18
26,19,Male,246,36,34,66,28,102,16,3,1,213,21
27,29,Female,306,43,13,158,75,36,24,5,1,422,1
28,22,Male,265,42,68,68,3,75,51,1,5,540,20
29,18,Male,310,30,85,25,82,89,29,6,1,513,11
30,29,Female,360,35,26,132,187,9,6,3,1,931,14
31,27,Other,443,33,97,47,69,222,8,3,0,625,23
32,23,Male,189,29,30,106,20,20,13,5,3,466,11
33,30,Female,492,31,292,99,50,49,2,14,2,323,14
34,29,Female,124,47,68,27,14,10,5,0,0,567,0
35,26,Male,286,33,92,47,83,24,40,9,1,273,2
36,18,Female,353,52,96,65,105,38,49,2,0,545,8
37,28,Male,325,41,57,6,4,128,130,3,2,622,0
38,28,Female,244,45,73,45,72,4,50,0,1,446,18
39,27,Female,281,37,38,141,41,47,14,2,1,342,13
40,29,Female,256,40,193,12,11,10,30,3,3,5,17
41,29,Male,247,31,88,33,57,19,50,0,3,786,6
42,20,Female,376,36,28,137,2,209,0,3,4,601,10
43,29,Male,332,32,74,70,149,29,10,13,2,607,19
44,24,Male,238,41,46,36,32,117,7,1,1,110,23
45,21,Male,381,37,151,73,75,63,19,7,3,845,1
46,26,Female,328,37,84,43,40,133,28,3,0,384,22
47,20,Female,373,35,136,133,54,28,22,5,5,428,18
48,22,Male,357,45,94,39,61,152,11,2,0,233,17
49,20,Female,225,39,43,47,35,88,12,1,2,53,15
50,24,Male,250,37,134,6,26,82,2,1,2,789,2
51,22,Female,367,31,23,105,157,45,37,0,3,822,3
52,26,Male,355,52,73,121,115,18,28,1,1,459,18
53,24,Female,298,28,83,128,2,57,28,5,2,330,11
54,19,Male,311,41,115,50,28,28,90,11,2,406,22
55,21,Female,415,32,88,77,61,184,5,8,1,413,13
56,26,Male,247,34,151,60,3,29,4,6,0,200,4
57,29,Male,349,33,58,22,70,12,187,1,5,427,20
58,19,Male,282,43,77,34,88,82,1,2,2,538,10
59,27,Female,280,37,101,8,40,127,4,2,0,755,16
60,26,Female,399,38,175,201,21,1,1,1,1,504,19
61,27,Male,374,39,126,103,27,88,30,4,3,106,22
62,22,Female,373,39,71,203,22,74,3,4,0,588,21
63,19,Female,417,45,161,45,37,79,95,2,0,436,19
64,21,Female,302,35,114,53,22,109,4,2,1,843,19
65,29,Female,361,38,231,16,60,10,44,9,4,857,23
66,29,Male,272,50,79,35,19,126,13,8,2,866,10
67,24,Male,329,42,47,58,128,78,18,2,1,360,0
68,29,Female,288,32,37,6,78,7,160,12,2,997,9
69,30,Female,309,42,85,4,43,127,50,15,4,588,7
70,25,Female,354,49,76,68,101,40,69,2,0,907,19
71,20,Male,226,32,112,29,1,13,71,2,1,374,18
72,18,Male,488,35,52,185,2,157,92,4,4,425,18
73,21,Female,209,37,14,13,40,46,96,14,1,569,0
74,19,Female,191,31,110,16,24,26,15,10,0,538,20
75,25,Female,404,32,243,67,55,33,6,1,1,814,11
76,21,Female,371,46,78,70,74,87,62,2,1,442,19
77,19,Female,356,34,42,11,212,91,0,4,0,791,17
78,23,Male,357,44,138,24,43,110,42,3,0,683,11
79,23,Male,299,44,85,119,31,61,3,1,4,447,4
80,27,Female,219,35,63,13,36,95,12,10,2,664,3
81,21,Female,307,41,240,5,20,18,24,6,1,382,21
82,23,Male,239,39,53,56,32,79,19,9,1,1088,22
83,30,Male,388,32,93,89,74,51,81,10,1,5,19
84,19,Female,287,40,109,17,2,107,52,7,0,668,3
85,27,Male,226,52,80,43,8,37,58,3,1,59,13
86,29,Male,271,44,22,130,4,94,21,5,2,444,20
87,19,Female,337,41,227,18,4,53,35,1,0,479,20
88,27,Female,249,39,86,30,83,33,17,6,1,877,4
89,21,Female,226,39,85,41,22,31,47,1,2,327,0
90,25,Male,322,48,29,50,132,17,94,6,2,827,20
91,24,Female,322,42,46,38,4,233,1,1,1,205,11
92,29,Male,254,27,6,128,1,94,25,1,1,837,8
93,26,Male,258,46,88,9,31,94,36,1,1,381,0
94,25,Female,321,37,84,29,70,83,55,0,1,518,17
95,22,Female,170,41,58,4,59,34,15,6,1,416,21
96,30,Female,173,37,47,83,30,11,2,7,3,821,23
97,19,Female,235,45,55,86,8,18,68,4,2,772,17
98,22,Female,281,34,120,7,3,100,51,1,4,611,16
99,25,Male,328,32,44,112,75,90,7,0,2,212,2
100,27,Male,433,40,184,22,93,128,6,0,2,321,17
101,26,Male,377,50,120,159,27,64,7,1,2,243,12
102,29,Male,286,41,29,54,4,56,143,11,2,5,18
103,29,Other,298,32,56,68,60,98,16,1,0,815,12
104,29,Male,210,40,82,39,7,48,34,2,1,418,8
105,30,Female,298,28,89,31,29,137,12,1,2,415,3
106,26,Female,274,34,136,67,7,27,37,1,1,874,10
107,30,Female,329,41,10,43,56,170,50,4,1,381,3
108,30,Female,226,45,62,59,14,38,53,5,1,290,6
109,18,Female,347,40,115,88,81,10,53,1,1,444,23
110,26,Female,438,38,264,77,14,15,68,0,1,217,14
111,24,Male,290,32,48,8,84,71,79,2,0,586,16
112,26,Female,336,38,85,19,24,203,5,1,2,407,22
113,25,Male,362,43,56,72,47,170,17,1,2,373,23
114,18,Male,264,44,13,79,8,158,6,16,2,352,18
115,29,Female,320,35,99,28,41,24,128,5,0,473,21
116,25,Male,301,46,91,48,26,119,17,4,3,521,11
117,25,Female,309,43,99,35,32,127,16,3,1,370,10
118,28,Female,230,30,60,15,29,123,3,3,0,410,13
119,20,Female,302,44,151,56,79,5,11,4,1,480,19
120,18,Male,345,47,111,29,62,139,4,6,1,454,19
121,25,Male,431,43,155,104,73,60,39,6,4,508,10
122,20,Female,386,36,24,5,200,157,0,1,1,331,4
123,20,Male,494,34,290,64,75,7,58,3,0,751,18
124,18,Other,231,33,58,44,71,39,19,3,2,524,4
125,28,Other,379,38,162,148,11,26,32,10,1,374,18
126,22,Female,317,47,106,26,48,74,63,5,1,586,19
127,27,Male,497,35,136,111,19,151,80,4,1,481,19
128,24,Male,227,42,39,31,36,93,28,1,1,67,20
129,27,Female,224,42,32,144,7,40,1,5,1,585,22
130,26,Male,246,41,132,20,17,44,33,1,3,245,15
131,29,Male,109,45,76,7,0,26,0,2,1,734,20
132,24,Female,253,48,36,14,50,84,69,1,0,440,18
133,26,Female,232,49,82,82,14,43,11,6,0,695,6
134,25,Female,314,39,53,85,41,129,6,1,1,342,0
135,29,Female,331,35,72,40,60,49,110,2,3,517,9
136,19,Male,469,42,99,117,11,240,2,11,0,803,14
137,18,Female,386,32,101,57,7,217,4,1,0,433,18
138,24,Other,248,33,115,25,27,51,30,4,2,352,21
139,24,Male,219,31,85,61,27,21,25,3,0,664,6
140,25,Female,344,36,84,61,45,153,1,0,0,659,4
141,22,Female,181,43,42,32,19,85,3,8,1,363,23
142,20,Female,465,34,140,18,137,103,67,0,0,5,3
143,29,Female,406,48,106,75,64,130,31,3,1,347,14
144,25,Female,258,42,172,45,4,33,4,4,1,669,18
145,23,Male,146,38,41,38,17,49,1,5,0,306,17
146,28,Male,422,40,152,16,126,20,108,6,2,497,2
147,20,Female,290,33,14,29,36,130,81,1,1,336,1
148,18,Female,411,29,21,165,49,132,44,0,1,17,3
149,20,Female,157,35,41,59,31,24,2,6,3,331,18
150,22,Female,246,36,15,17,41,161,12,4,0,668,17
151,20,Female,300,44,37,114,15,34,100,9,0,5,8
152,18,Female,304,41,135,57,51,47,14,9,3,563,18
153,22,Female,259,44,115,14,67,60,3,9,1,203,21
154,27,Female,356,42,151,58,54,58,35,3,3,652,1
155,24,Female,204,40,25,6,32,91,50,2,2,679,15
156,24,Female,287,37,114,90,19,19,45,8,4,457,19
157,28,Female,311,31,231,8,15,56,1,3,2,458,8
158,26,Male,346,44,162,110,30,44,0,1,4,298,10
159,27,Male,364,44,67,38,159,57,43,10,1,164,18
160,27,Male,199,35,99,62,5,33,0,11,1,925,22
161,29,Female,162,46,74,0,0,56,32,3,3,284,21
162,30,Male,415,35,176,103,47,73,16,0,2,892,18
163,20,Male,330,37,78,20,155,61,16,2,0,285,20
164,24,Female,233,51,62,31,44,79,17,8,0,631,12
165,18,Male,440,54,100,131,52,76,81,12,1,216,19
166,21,Female,310,33,69,6,98,119,18,1,2,631,14
167,30,Male,406,48,306,1,9,10,80,0,1,419,6
168,21,Male,306,46,41,16,7,58,184,10,3,422,19
169,22,Female,485,44,157,110,82,125,11,2,3,653,17
170,24,Male,458,35,93,130,17,116,102,4,0,383,12
171,24,Male,278,53,125,74,44,26,9,17,0,143,22
172,30,Female,387,33,113,10,128,132,4,0,2,690,0
173,28,Female,358,51,126,37,26,167,2,5,4,214,10
174,30,Male,423,44,73,151,153,32,14,0,1,629,1
175,21,Female,213,53,126,4,15,66,2,2,0,743,20
176,30,Male,362,36,53,40,65,155,49,8,1,406,19
177,24,Male,395,35,45,114,159,53,24,3,1,796,11
178,28,Female,142,29,65,3,40,33,1,29,2,620,19
179,20,Female,194,37,36,36,38,65,19,4,1,326,12
180,23,Female,116,28,28,2,2,68,16,2,2,850,20
181,29,Female,276,41,50,12,0,117,97,1,0,215,14
182,19,Other,365,36,36,156,12,24,137,2,2,406,13
183,27,Female,435,49,299,3,54,33,46,2,4,448,23
184,30,Male,307,35,135,90,69,10,3,0,3,651,8
185,26,Female,447,48,81,99,109,112,46,2,0,779,4
186,22,Male,176,48,56,8,8,51,53,3,2,763,18
187,23,Male,147,45,70,30,11,15,21,6,2,556,23
188,29,Male,295,40,18,27,37,208,5,5,1,430,12
189,29,Male,335,45,178,24,18,92,23,6,0,44,2
190,29,Other,297,38,139,64,34,50,10,0,2,171,11
191,29,Female,114,35,26,68,2,12,6,1,2,942,15
192,21,Female,292,37,18,79,88,103,4,5,0,41,5
193,28,Male,183,36,120,21,19,23,0,3,1,304,19
194,27,Male,360,24,187,35,74,45,19,0,3,786,23
195,24,Male,333,38,29,192,85,24,3,8,2,552,14
196,29,Male,215,46,38,23,38,108,8,7,0,732,11
197,26,Female,254,38,115,23,41,51,24,4,0,636,13
198,24,Female,205,53,81,26,7,15,76,0,2,867,3
199,18,Female,294,42,59,140,35,28,32,7,1,574,22
200,18,Male,386,53,102,105,124,52,3,4,1,666,13
